{
    "classification": "Ateroma",
    "detections": [
        {
            "box": [
                4434.760423504314,
                1852.7406326293944,
                4541.058665545293,
                1946.2083251953125
            ],
            "score": 0.9846709966659546,
            "label": 0
        },
        {
            "box": [
                368.69738751216124,
                1767.6625451660157,
                506.39834336025416,
                1882.0777239990234
            ],
            "score": 0.9669419527053833,
            "label": 0
        }
    ]
}